"Longitude (x)","Latitude (y)","Station Name","Climate ID","Date/Time","Year","Month","Day","Data Quality","Max Temp (°C)","Max Temp Flag","Min Temp (°C)","Min Temp Flag","Mean Temp (°C)","Mean Temp Flag","Heat Deg Days (°C)","Heat Deg Days Flag","Cool Deg Days (°C)","Cool Deg Days Flag","Total Rain (mm)","Total Rain Flag","Total Snow (cm)","Total Snow Flag","Total Precip (mm)","Total Precip Flag","Snow on Grnd (cm)","Snow on Grnd Flag","Dir of Max Gust (10s deg)","Dir of Max Gust Flag","Spd of Max Gust (km/h)","Spd of Max Gust Flag"
"-77.79","49.76","MATAGAMI","7094637","2021-01-01","2021","01","01","","-3.8","","-13.4","","-8.6","","26.6","","0.0","","","","","","0.0","","55","","","","",""
"-77.79","49.76","MATAGAMI","7094637","2021-01-02","2021","01","02","","-2.9","","-6.6","","-4.7","","22.7","","0.0","","","","","","0.0","","54","","","","",""
"-77.79","49.76","MATAGAMI","7094637","2021-01-03","2021","01","03","","-2.1","","-4.3","","-3.2","","21.2","","0.0","","","","","","0.0","","53","","19","","41",""
"-77.79","49.76","MATAGAMI","7094637","2021-01-04","2021","01","04","","-1.2","","-4.4","","-2.8","","20.8","","0.0","","","","","","0.0","","52","","18","","37",""
"-77.79","49.76","MATAGAMI","7094637","2021-01-05","2021","01","05","","-1.2","","-3.3","","-2.2","","20.2","","0.0","","","","","","0.2","","51","","","","",""
"-77.79","49.76","MATAGAMI","7094637","2021-01-06","2021","01","06","","-3.3","","-13.8","","-8.5","","26.5","","0.0","","","","","","0.0","","51","","","","",""
"-77.79","49.76","MATAGAMI","7094637","2021-01-07","2021","01","07","","-13.4","","-17.8","","-15.6","","33.6","","0.0","","","","","","0.0","","51","","","","",""
"-77.79","49.76","MATAGAMI","7094637","2021-01-08","2021","01","08","","-7.9","","-23.2","","-15.6","","33.6","","0.0","","","","","","0.0","","49","","","","",""
"-77.79","49.76","MATAGAMI","7094637","2021-01-09","2021","01","09","","-5.2","","-12.1","","-8.7","","26.7","","0.0","","","","","","0.1","","49","","","","",""
"-77.79","49.76","MATAGAMI","7094637","2021-01-10","2021","01","10","","-8.0","","-10.8","","-9.4","","27.4","","0.0","","","","","","0.0","","50","","","","",""
"-77.79","49.76","MATAGAMI","7094637","2021-01-11","2021","01","11","","-4.5","","-8.2","","-6.4","","24.4","","0.0","","","","","","0.1","","50","","","","",""
"-77.79","49.76","MATAGAMI","7094637","2021-01-12","2021","01","12","","-1.4","","-6.2","","-3.8","","21.8","","0.0","","","","","","0.0","","50","","24","","31",""
"-77.79","49.76","MATAGAMI","7094637","2021-01-13","2021","01","13","","-1.0","","-3.6","","-2.3","","20.3","","0.0","","","","","","0.9","","50","","","","",""
"-77.79","49.76","MATAGAMI","7094637","2021-01-14","2021","01","14","","-2.6","","-6.8","","-4.7","","22.7","","0.0","","","","","","0.0","","48","","","","",""
"-77.79","49.76","MATAGAMI","7094637","2021-01-15","2021","01","15","","-0.7","","-6.2","","-3.4","","21.4","","0.0","","","","","","0.0","","51","","16","","32",""
"-77.79","49.76","MATAGAMI","7094637","2021-01-16","2021","01","16","","-2.8","","-6.0","","-4.4","","22.4","","0.0","","","","","","5.6","","50","","","","",""
"-77.79","49.76","MATAGAMI","7094637","2021-01-17","2021","01","17","","-3.7","","-15.3","","-9.5","","27.5","","0.0","","","","","","0.4","","55","","31","","50",""
"-77.79","49.76","MATAGAMI","7094637","2021-01-18","2021","01","18","","-14.7","","-18.5","","-16.6","","34.6","","0.0","","","","","","0.0","","61","","32","","36",""
"-77.79","49.76","MATAGAMI","7094637","2021-01-19","2021","01","19","","-15.5","","-21.3","","-18.4","","36.4","","0.0","","","","","","1.4","","57","","","","",""
"-77.79","49.76","MATAGAMI","7094637","2021-01-20","2021","01","20","","-18.6","","-30.4","","-24.5","","42.5","","0.0","","","","","","0.2","","58","","","","",""
"-77.79","49.76","MATAGAMI","7094637","2021-01-21","2021","01","21","","-9.9","","-20.1","","-15.0","","33.0","","0.0","","","","","","1.2","","60","","16","","32",""
"-77.79","49.76","MATAGAMI","7094637","2021-01-22","2021","01","22","","-14.1","","-20.2","","-17.2","","35.2","","0.0","","","","","","0.1","","62","","32","","40",""
"-77.79","49.76","MATAGAMI","7094637","2021-01-23","2021","01","23","","-19.0","","-24.9","","-22.0","","40.0","","0.0","","","","","","0.4","","60","","","","",""
"-77.79","49.76","MATAGAMI","7094637","2021-01-24","2021","01","24","","-16.3","","-27.8","","-22.1","","40.1","","0.0","","","","","","0.0","","60","","","","",""
"-77.79","49.76","MATAGAMI","7094637","2021-01-25","2021","01","25","","-10.0","","-25.3","","-17.6","","35.6","","0.0","","","","","","0.0","","60","","","","",""
"-77.79","49.76","MATAGAMI","7094637","2021-01-26","2021","01","26","","-11.0","","-23.7","","-17.3","","35.3","","0.0","","","","","","0.0","","60","","","","",""
"-77.79","49.76","MATAGAMI","7094637","2021-01-27","2021","01","27","","-14.2","","-18.2","","-16.2","","34.2","","0.0","","","","","","0.3","","60","","31","","32",""
"-77.79","49.76","MATAGAMI","7094637","2021-01-28","2021","01","28","","-18.1","","-23.1","","-20.6","","38.6","","0.0","","","","","","0.3","","62","","28","","37",""
"-77.79","49.76","MATAGAMI","7094637","2021-01-29","2021","01","29","","-16.8","","-20.4","","-18.6","","36.6","","0.0","","","","","","0.0","","63","","33","","34",""
"-77.79","49.76","MATAGAMI","7094637","2021-01-30","2021","01","30","","-18.7","","-20.8","","-19.7","","37.7","","0.0","","","","","","0.0","","62","","","","",""
"-77.79","49.76","MATAGAMI","7094637","2021-01-31","2021","01","31","","-15.9","","-26.8","","-21.4","","39.4","","0.0","","","","","","0.0","","62","","","","",""
"-77.79","49.76","MATAGAMI","7094637","2021-02-01","2021","02","01","","-10.6","","-29.3","","-20.0","","38.0","","0.0","","","","","","0.0","","62","","","","",""
"-77.79","49.76","MATAGAMI","7094637","2021-02-02","2021","02","02","","-8.9","","-21.0","","-15.0","","33.0","","0.0","","","","","","0.1","","62","","","","",""
"-77.79","49.76","MATAGAMI","7094637","2021-02-03","2021","02","03","","-9.1","","-19.7","","-14.4","","32.4","","0.0","","","","","","0.0","","62","","","","",""
"-77.79","49.76","MATAGAMI","7094637","2021-02-04","2021","02","04","","-1.1","","-21.3","","-11.2","","29.2","","0.0","","","","","","0.0","","61","","","","",""
"-77.79","49.76","MATAGAMI","7094637","2021-02-05","2021","02","05","","-1.7","","-11.8","","-6.7","","24.7","","0.0","","","","","","1.4","","62","","17","","43",""
"-77.79","49.76","MATAGAMI","7094637","2021-02-06","2021","02","06","","-5.3","","-18.3","","-11.8","","29.8","","0.0","","","","","","0.5","","63","","19","","38",""
"-77.79","49.76","MATAGAMI","7094637","2021-02-07","2021","02","07","","-10.6","","-25.6","","-18.1","","36.1","","0.0","","","","","","0.2","","63","","26","","36",""
"-77.79","49.76","MATAGAMI","7094637","2021-02-08","2021","02","08","","-14.6","","-30.0","","-22.3","","40.3","","0.0","","","","","","0.0","","62","","","","",""
"-77.79","49.76","MATAGAMI","7094637","2021-02-09","2021","02","09","","-10.9","","-26.9","","-18.9","","36.9","","0.0","","","","","","0.0","","62","","","","",""
"-77.79","49.76","MATAGAMI","7094637","2021-02-10","2021","02","10","","-10.9","","-27.4","","-19.2","","37.2","","0.0","","","","","","0.0","","62","","31","","36",""
"-77.79","49.76","MATAGAMI","7094637","2021-02-11","2021","02","11","","-19.1","","-28.9","","-24.0","","42.0","","0.0","","","","","","0.4","","62","","31","","44",""
"-77.79","49.76","MATAGAMI","7094637","2021-02-12","2021","02","12","","-18.8","","-24.9","","-21.8","","39.8","","0.0","","","","","","1.8","","64","","31","","33",""
"-77.79","49.76","MATAGAMI","7094637","2021-02-13","2021","02","13","","-18.1","","-27.6","","-22.9","","40.9","","0.0","","","","","","0.4","","64","","","","",""
"-77.79","49.76","MATAGAMI","7094637","2021-02-14","2021","02","14","","-14.7","","-23.5","","-19.1","","37.1","","0.0","","","","","","1.0","","65","","","","",""
"-77.79","49.76","MATAGAMI","7094637","2021-02-15","2021","02","15","","-16.2","","-29.9","","-23.0","","41.0","","0.0","","","","","","0.0","","66","","","","",""
"-77.79","49.76","MATAGAMI","7094637","2021-02-16","2021","02","16","","-16.7","","-30.8","","-23.8","","41.8","","0.0","","","","","","0.0","","65","","","","",""
"-77.79","49.76","MATAGAMI","7094637","2021-02-17","2021","02","17","","-11.9","","-27.6","","-19.7","","37.7","","0.0","","","","","","0.2","","65","","","","",""
"-77.79","49.76","MATAGAMI","7094637","2021-02-18","2021","02","18","","-7.1","","-23.7","","-15.4","","33.4","","0.0","","","","","","0.0","","64","","","","",""
"-77.79","49.76","MATAGAMI","7094637","2021-02-19","2021","02","19","","-5.1","","-22.3","","-13.7","","31.7","","0.0","","","","","","0.0","","64","","","","",""
"-77.79","49.76","MATAGAMI","7094637","2021-02-20","2021","02","20","","-6.4","","-20.8","","-13.6","","31.6","","0.0","","","","","","0.0","","64","","","","",""
"-77.79","49.76","MATAGAMI","7094637","2021-02-21","2021","02","21","","-2.3","","-15.4","","-8.9","","26.9","","0.0","","","","","","0.0","","65","","23","","42",""
"-77.79","49.76","MATAGAMI","7094637","2021-02-22","2021","02","22","","-2.1","","-8.1","","-5.1","","23.1","","0.0","","","","","","0.7","","64","","18","","31",""
"-77.79","49.76","MATAGAMI","7094637","2021-02-23","2021","02","23","","1.9","","-8.2","","-3.1","","21.1","","0.0","","","","","","0.9","","67","","29","","53",""
"-77.79","49.76","MATAGAMI","7094637","2021-02-24","2021","02","24","","-7.8","","-17.2","","-12.5","","30.5","","0.0","","","","","","0.0","","65","","29","","37",""
"-77.79","49.76","MATAGAMI","7094637","2021-02-25","2021","02","25","","-14.1","","-24.2","","-19.2","","37.2","","0.0","","","","","","0.0","","64","","30","","31",""
"-77.79","49.76","MATAGAMI","7094637","2021-02-26","2021","02","26","","-0.5","","-23.8","","-12.1","","30.1","","0.0","","","","","","0.0","","64","","21","","47",""
"-77.79","49.76","MATAGAMI","7094637","2021-02-27","2021","02","27","","-0.5","","-21.0","","-10.7","","28.7","","0.0","","","","","","0.0","","66","","21","","40",""
"-77.79","49.76","MATAGAMI","7094637","2021-02-28","2021","02","28","","0.2","","-25.0","","-12.4","","30.4","","0.0","","","","","","7.8","","67","","15","","41",""
"-77.79","49.76","MATAGAMI","7094637","2021-03-01","2021","03","01","","0.8","","-25.4","","-12.3","","30.3","","0.0","","","","","","1.0","","71","","30","","78",""
"-77.79","49.76","MATAGAMI","7094637","2021-03-02","2021","03","02","","-11.8","","-28.4","","-20.1","","38.1","","0.0","","","","","","1.2","","66","","","","",""
"-77.79","49.76","MATAGAMI","7094637","2021-03-03","2021","03","03","","-10.8","","-24.6","","-17.7","","35.7","","0.0","","","","","","0.0","","67","","33","","34",""
"-77.79","49.76","MATAGAMI","7094637","2021-03-04","2021","03","04","","-16.0","","-25.3","","-20.7","","38.7","","0.0","","","","","","0.0","","66","","32","","62",""
"-77.79","49.76","MATAGAMI","7094637","2021-03-05","2021","03","05","","-13.4","","-18.6","","-16.0","","34.0","","0.0","","","","","","0.5","","78","","32","","52",""
"-77.79","49.76","MATAGAMI","7094637","2021-03-06","2021","03","06","","-13.9","","-18.7","","-16.3","","34.3","","0.0","","","","","","0.2","","91","","33","","59",""
"-77.79","49.76","MATAGAMI","7094637","2021-03-07","2021","03","07","","-9.0","","-21.3","","-15.1","","33.1","","0.0","","","","","","0.0","","86","","30","","32",""
"-77.79","49.76","MATAGAMI","7094637","2021-03-08","2021","03","08","","-3.3","","-20.4","","-11.8","","29.8","","0.0","","","","","","1.4","","86","","19","","36",""
"-77.79","49.76","MATAGAMI","7094637","2021-03-09","2021","03","09","","7.1","","-4.6","","1.2","","16.8","","0.0","","","","","","0.4","","86","","32","","45",""
"-77.79","49.76","MATAGAMI","7094637","2021-03-10","2021","03","10","","8.1","","-6.0","","1.0","","17.0","","0.0","","","","","","8.6","","84","","20","","51",""
"-77.79","49.76","MATAGAMI","7094637","2021-03-11","2021","03","11","","11.9","","-9.6","","1.2","","16.8","","0.0","","","","","","7.2","","77","","23","","69",""
"-77.79","49.76","MATAGAMI","7094637","2021-03-12","2021","03","12","","-5.6","","-16.3","","-11.0","","29.0","","0.0","","","","","","0.0","","70","","31","","56",""
"-77.79","49.76","MATAGAMI","7094637","2021-03-13","2021","03","13","","-4.5","","-19.2","","-11.9","","29.9","","0.0","","","","","","3.3","","68","","32","","55",""
"-77.79","49.76","MATAGAMI","7094637","2021-03-14","2021","03","14","","-12.8","","-22.4","","-17.6","","35.6","","0.0","","","","","","0.1","","69","","32","","57",""
"-77.79","49.76","MATAGAMI","7094637","2021-03-15","2021","03","15","","-7.4","","-24.2","","-15.8","","33.8","","0.0","","","","","","0.0","","69","","","","",""
"-77.79","49.76","MATAGAMI","7094637","2021-03-16","2021","03","16","","6.7","","-15.9","","-4.6","","22.6","","0.0","","","","","","0.0","","67","","27","","38",""
"-77.79","49.76","MATAGAMI","7094637","2021-03-17","2021","03","17","","9.0","","-4.1","","2.5","","15.5","","0.0","","","","","","0.8","","69","","31","","47",""
"-77.79","49.76","MATAGAMI","7094637","2021-03-18","2021","03","18","","-4.1","","-18.5","","-11.3","","29.3","","0.0","","","","","","0.0","","66","","31","","54",""
"-77.79","49.76","MATAGAMI","7094637","2021-03-19","2021","03","19","","7.2","","-19.6","","-6.2","","24.2","","0.0","","","","","","0.0","","67","","25","","42",""
"-77.79","49.76","MATAGAMI","7094637","2021-03-20","2021","03","20","","12.6","","-1.5","","5.6","","12.4","","0.0","","","","","","0.0","","66","","25","","39",""
"-77.79","49.76","MATAGAMI","7094637","2021-03-21","2021","03","21","","14.0","","2.2","","8.1","","9.9","","0.0","","","","","","0.0","","63","","25","","53",""
"-77.79","49.76","MATAGAMI","7094637","2021-03-22","2021","03","22","","14.3","","1.7","","8.0","","10.0","","0.0","","","","","","0.0","","49","","22","","55",""
"-77.79","49.76","MATAGAMI","7094637","2021-03-23","2021","03","23","","7.9","","-1.5","","3.2","","14.8","","0.0","","","","","","0.0","","35","","","","",""
"-77.79","49.76","MATAGAMI","7094637","2021-03-24","2021","03","24","","9.2","","1.1","","5.1","","12.9","","0.0","","","","","","2.2","","33","","10","","36",""
"-77.79","49.76","MATAGAMI","7094637","2021-03-25","2021","03","25","","7.8","","-8.3","","-0.3","","18.3","","0.0","","","","","","2.8","","24","","31","","40",""
"-77.79","49.76","MATAGAMI","7094637","2021-03-26","2021","03","26","","1.7","","-9.4","","-3.8","","21.8","","0.0","","","","","","0.0","","19","","","","",""
"-77.79","49.76","MATAGAMI","7094637","2021-03-27","2021","03","27","","4.4","","-13.0","","-4.3","","22.3","","0.0","","","","","","0.0","","19","","","","",""
"-77.79","49.76","MATAGAMI","7094637","2021-03-28","2021","03","28","","0.2","","-11.3","","-5.5","","23.5","","0.0","","","","","","6.3","","18","","33","","63",""
"-77.79","49.76","MATAGAMI","7094637","2021-03-29","2021","03","29","","-2.3","","-13.9","","-8.1","","26.1","","0.0","","","","","","0.2","","19","","32","","56",""
"-77.79","49.76","MATAGAMI","7094637","2021-03-30","2021","03","30","","13.3","","-6.1","","3.6","","14.4","","0.0","","","","","","0.0","","19","","18","","60",""
"-77.79","49.76","MATAGAMI","7094637","2021-03-31","2021","03","31","","4.3","","-14.0","","-4.8","","22.8","","0.0","","","","","","0.0","","3","","32","","44",""
"-77.79","49.76","MATAGAMI","7094637","2021-04-01","2021","04","01","","-5.0","","-14.5","","-9.7","","27.7","","0.0","","","","","","0.0","","3","","32","","43",""
"-77.79","49.76","MATAGAMI","7094637","2021-04-02","2021","04","02","","-0.7","","-16.1","","-8.4","","26.4","","0.0","","","","","","0.0","","3","","1","","31",""
"-77.79","49.76","MATAGAMI","7094637","2021-04-03","2021","04","03","","7.0","","-13.6","","-3.3","","21.3","","0.0","","","","","","0.3","","2","","27","","33",""
"-77.79","49.76","MATAGAMI","7094637","2021-04-04","2021","04","04","","5.2","","-4.3","","0.5","","17.5","","0.0","","","","","","0.0","","","","","","",""
"-77.79","49.76","MATAGAMI","7094637","2021-04-05","2021","04","05","","8.9","","-5.7","","1.6","","16.4","","0.0","","","","","","0.0","","","","","","",""
"-77.79","49.76","MATAGAMI","7094637","2021-04-06","2021","04","06","","11.3","","-8.5","","1.4","","16.6","","0.0","","","","","","0.0","","","","","","",""
"-77.79","49.76","MATAGAMI","7094637","2021-04-07","2021","04","07","","14.8","","-4.0","","5.4","","12.6","","0.0","","","","","","0.0","","","","","","",""
"-77.79","49.76","MATAGAMI","7094637","2021-04-08","2021","04","08","","10.9","","2.5","","6.7","","11.3","","0.0","","","","","","2.2","","","","","","",""
"-77.79","49.76","MATAGAMI","7094637","2021-04-09","2021","04","09","","23.2","","4.6","","13.9","","4.1","","0.0","","","","","","0.0","","","","13","","36",""
"-77.79","49.76","MATAGAMI","7094637","2021-04-10","2021","04","10","","22.4","","7.5","","15.0","","3.0","","0.0","","","","","","0.0","","","","17","","39",""
"-77.79","49.76","MATAGAMI","7094637","2021-04-11","2021","04","11","","21.0","","5.2","","13.1","","4.9","","0.0","","","","","","0.0","","","","8","","33",""
"-77.79","49.76","MATAGAMI","7094637","2021-04-12","2021","04","12","","17.3","","3.6","","10.5","","7.5","","0.0","","","","","","0.0","","","","10","","38",""
"-77.79","49.76","MATAGAMI","7094637","2021-04-13","2021","04","13","","19.4","","2.3","","10.8","","7.2","","0.0","","","","","","0.0","","","","10","","31",""
"-77.79","49.76","MATAGAMI","7094637","2021-04-14","2021","04","14","","16.0","","1.4","","8.7","","9.3","","0.0","","","","","","15.8","","","","14","","39",""
"-77.79","49.76","MATAGAMI","7094637","2021-04-15","2021","04","15","","15.0","","-0.6","","7.2","","10.8","","0.0","","","","","","0.0","","","","33","","36",""
"-77.79","49.76","MATAGAMI","7094637","2021-04-16","2021","04","16","","10.8","","-1.5","","4.7","","13.3","","0.0","","","","","","0.0","","","","32","","35",""
"-77.79","49.76","MATAGAMI","7094637","2021-04-17","2021","04","17","","10.3","","-2.2","","4.1","","13.9","","0.0","","","","","","0.0","","","","","","",""
"-77.79","49.76","MATAGAMI","7094637","2021-04-18","2021","04","18","","10.4","","-2.0","","4.2","","13.8","","0.0","","","","","","0.0","","","","34","","34",""
"-77.79","49.76","MATAGAMI","7094637","2021-04-19","2021","04","19","","14.0","","-5.3","","4.4","","13.6","","0.0","","","","","","0.0","","","","","","",""
"-77.79","49.76","MATAGAMI","7094637","2021-04-20","2021","04","20","","0.9","","-9.7","","-4.4","","22.4","","0.0","","","","","","4.1","","2","","30","","43",""
"-77.79","49.76","MATAGAMI","7094637","2021-04-21","2021","04","21","","-4.3","","-13.0","","-8.7","","26.7","","0.0","","","","","","0.0","","2","","30","","35",""
"-77.79","49.76","MATAGAMI","7094637","2021-04-22","2021","04","22","","3.1","","-14.1","","-5.5","","23.5","","0.0","","","","","","0.0","","0","","32","","41",""
"-77.79","49.76","MATAGAMI","7094637","2021-04-23","2021","04","23","","17.4","","-6.4","","5.5","","12.5","","0.0","","","","","","0.0","","","","30","","45",""
"-77.79","49.76","MATAGAMI","7094637","2021-04-24","2021","04","24","","2.1","","-4.8","","-1.3","","19.3","","0.0","","","","","","0.1","","","","33","","35",""
"-77.79","49.76","MATAGAMI","7094637","2021-04-25","2021","04","25","","-3.3","","-8.4","","-5.9","","23.9","","0.0","","","","","","12.6","","","","32","","53",""
"-77.79","49.76","MATAGAMI","7094637","2021-04-26","2021","04","26","","6.3","","-11.1","","-2.4","","20.4","","0.0","","","","","","0.0","","22","","34","","39",""
"-77.79","49.76","MATAGAMI","7094637","2021-04-27","2021","04","27","","11.9","","-7.2","","2.3","","15.7","","0.0","","","","","","0.0","","17","","","","",""
"-77.79","49.76","MATAGAMI","7094637","2021-04-28","2021","04","28","","16.1","","-3.4","","6.4","","11.6","","0.0","","","","","","0.0","","9","","","","",""
"-77.79","49.76","MATAGAMI","7094637","2021-04-29","2021","04","29","","18.4","","-1.9","","8.3","","9.7","","0.0","","","","","","0.0","","","","","","",""
"-77.79","49.76","MATAGAMI","7094637","2021-04-30","2021","04","30","","7.9","","-8.9","","-0.5","","18.5","","0.0","","","","","","0.0","","","","32","","67",""
"-77.79","49.76","MATAGAMI","7094637","2021-05-01","2021","05","01","","9.1","","-8.9","","0.1","","17.9","","0.0","","","","","","2.8","","","","33","","53",""
"-77.79","49.76","MATAGAMI","7094637","2021-05-02","2021","05","02","","3.0","","-9.3","","-3.1","","21.1","","0.0","","","","","","0.0","","","","31","","49",""
"-77.79","49.76","MATAGAMI","7094637","2021-05-03","2021","05","03","","10.9","","-6.8","","2.1","","15.9","","0.0","","","","","","0.0","","","","","","",""
"-77.79","49.76","MATAGAMI","7094637","2021-05-04","2021","05","04","","11.4","","1.7","","6.6","","11.4","","0.0","","","","","","5.9","","","","","","",""
"-77.79","49.76","MATAGAMI","7094637","2021-05-05","2021","05","05","","6.7","","-3.0","","1.9","","16.1","","0.0","","","","","","0.0","","","","31","","50",""
"-77.79","49.76","MATAGAMI","7094637","2021-05-06","2021","05","06","","7.9","","-2.7","","2.6","","15.4","","0.0","","","","","","1.3","","","","32","","43",""
"-77.79","49.76","MATAGAMI","7094637","2021-05-07","2021","05","07","","9.4","","-2.6","","3.4","","14.6","","0.0","","","","","","","M","","","29","","38",""
"-77.79","49.76","MATAGAMI","7094637","2021-05-08","2021","05","08","","11.5","","-4.0","","3.7","","14.3","","0.0","","","","","","0.0","","","","","","",""
"-77.79","49.76","MATAGAMI","7094637","2021-05-09","2021","05","09","","11.2","","-0.8","","5.2","","12.8","","0.0","","","","","","0.0","","","","","","",""
"-77.79","49.76","MATAGAMI","7094637","2021-05-10","2021","05","10","","12.0","","-2.3","","4.9","","13.1","","0.0","","","","","","0.0","","","","34","","35",""
"-77.79","49.76","MATAGAMI","7094637","2021-05-11","2021","05","11","","13.1","","-1.2","","6.0","","12.0","","0.0","","","","","","0.0","","","","31","","50",""
"-77.79","49.76","MATAGAMI","7094637","2021-05-12","2021","05","12","","17.8","","-3.6","","7.1","","10.9","","0.0","","","","","","0.0","","","","31","","39",""
"-77.79","49.76","MATAGAMI","7094637","2021-05-13","2021","05","13","","21.0","","3.7","","12.4","","5.6","","0.0","","","","","","0.0","","","","29","","65",""
"-77.79","49.76","MATAGAMI","7094637","2021-05-14","2021","05","14","","22.2","","1.5","","11.9","","6.1","","0.0","","","","","","0.0","","","","26","","38",""
"-77.79","49.76","MATAGAMI","7094637","2021-05-15","2021","05","15","","17.3","","6.4","","11.8","","6.2","","0.0","","","","","","0.0","","","","","","",""
"-77.79","49.76","MATAGAMI","7094637","2021-05-16","2021","05","16","","21.2","","2.1","","11.6","","6.4","","0.0","","","","","","1.9","","","","23","","45",""
"-77.79","49.76","MATAGAMI","7094637","2021-05-17","2021","05","17","","19.1","","3.2","","11.1","","6.9","","0.0","","","","","","4.4","","","","22","","44",""
"-77.79","49.76","MATAGAMI","7094637","2021-05-18","2021","05","18","","22.1","","-0.5","","10.8","","7.2","","0.0","","","","","","0.0","","","","","","",""
"-77.79","49.76","MATAGAMI","7094637","2021-05-19","2021","05","19","","30.1","","13.9","","22.0","","0.0","","4.0","","","","","","0.0","","","","20","","46",""
"-77.79","49.76","MATAGAMI","7094637","2021-05-20","2021","05","20","","26.7","","14.9","","20.8","","0.0","","2.8","","","","","","2.3","","","","22","","35",""
"-77.79","49.76","MATAGAMI","7094637","2021-05-21","2021","05","21","","23.3","","15.6","","19.4","","0.0","","1.4","","","","","","18.6","","","","26","","49",""
"-77.79","49.76","MATAGAMI","7094637","2021-05-22","2021","05","22","","15.6","","2.1","","8.8","","9.2","","0.0","","","","","","4.5","","","","32","","38",""
"-77.79","49.76","MATAGAMI","7094637","2021-05-23","2021","05","23","","8.1","","-1.5","","3.3","","14.7","","0.0","","","","","","0.0","","","","35","","46",""
"-77.79","49.76","MATAGAMI","7094637","2021-05-24","2021","05","24","","19.6","","-3.8","","7.9","","10.1","","0.0","","","","","","1.6","","","","22","","38",""
"-77.79","49.76","MATAGAMI","7094637","2021-05-25","2021","05","25","","23.2","","11.4","","17.3","","0.7","","0.0","","","","","","1.0","","","","23","","47",""
"-77.79","49.76","MATAGAMI","7094637","2021-05-26","2021","05","26","","22.8","","-0.5","","11.2","","6.8","","0.0","","","","","","1.5","","","","31","","74",""
"-77.79","49.76","MATAGAMI","7094637","2021-05-27","2021","05","27","","3.5","","-3.7","","-0.1","","18.1","","0.0","","","","","","1.0","","","","31","","48",""
"-77.79","49.76","MATAGAMI","7094637","2021-05-28","2021","05","28","","11.2","","-5.1","","3.0","","15.0","","0.0","","","","","","0.0","","","","33","","49",""
"-77.79","49.76","MATAGAMI","7094637","2021-05-29","2021","05","29","","15.8","","-3.8","","6.0","","12.0","","0.0","","","","","","0.0","","","","","","",""
"-77.79","49.76","MATAGAMI","7094637","2021-05-30","2021","05","30","","21.8","","-0.1","","10.9","","7.1","","0.0","","","","","","0.0","","","","","","",""
"-77.79","49.76","MATAGAMI","7094637","2021-05-31","2021","05","31","","21.8","","5.5","","13.6","","4.4","","0.0","","","","","","0.0","","","","26","","32",""
"-77.79","49.76","MATAGAMI","7094637","2021-06-01","2021","06","01","","23.4","","9.7","","16.5","","1.5","","0.0","","","","","","0.0","","","","30","","55",""
"-77.79","49.76","MATAGAMI","7094637","2021-06-02","2021","06","02","","26.4","","8.1","","17.2","","0.8","","0.0","","","","","","0.2","","","","26","","46",""
"-77.79","49.76","MATAGAMI","7094637","2021-06-03","2021","06","03","","25.0","","9.5","","17.3","","0.7","","0.0","","","","","","5.0","","","","28","","62",""
"-77.79","49.76","MATAGAMI","7094637","2021-06-04","2021","06","04","","19.8","","1.9","","10.9","","7.1","","0.0","","","","","","5.4","","","","","","",""
"-77.79","49.76","MATAGAMI","7094637","2021-06-05","2021","06","05","","15.9","","4.6","","10.2","","7.8","","0.0","","","","","","0.1","","","","33","","35",""
"-77.79","49.76","MATAGAMI","7094637","2021-06-06","2021","06","06","","29.9","","2.6","","16.2","","1.8","","0.0","","","","","","0.0","","","","23","","37",""
"-77.79","49.76","MATAGAMI","7094637","2021-06-07","2021","06","07","","31.1","","11.1","","21.1","","0.0","","3.1","","","","","","0.0","","","","26","","53",""
"-77.79","49.76","MATAGAMI","7094637","2021-06-08","2021","06","08","","21.5","","5.3","","13.4","","4.6","","0.0","","","","","","0.0","","","","30","","31",""
"-77.79","49.76","MATAGAMI","7094637","2021-06-09","2021","06","09","","16.4","","1.7","","9.0","","9.0","","0.0","","","","","","0.0","","","","31","","36",""
"-77.79","49.76","MATAGAMI","7094637","2021-06-10","2021","06","10","","18.3","","1.5","","9.9","","8.1","","0.0","","","","","","0.0","","","","","","",""
"-77.79","49.76","MATAGAMI","7094637","2021-06-11","2021","06","11","","20.4","","4.3","","12.4","","5.6","","0.0","","","","","","0.0","","","","32","","37",""
"-77.79","49.76","MATAGAMI","7094637","2021-06-12","2021","06","12","","22.0","","-0.2","","10.9","","7.1","","0.0","","","","","","0.0","","","","","","",""
"-77.79","49.76","MATAGAMI","7094637","2021-06-13","2021","06","13","","23.3","","6.4","","14.8","","3.2","","0.0","","","","","","0.0","","","","","","",""
"-77.79","49.76","MATAGAMI","7094637","2021-06-14","2021","06","14","","21.1","","2.4","","11.8","","6.2","","0.0","","","","","","0.7","","","","33","","45",""
"-77.79","49.76","MATAGAMI","7094637","2021-06-15","2021","06","15","","14.5","","0.4","","7.4","","10.6","","0.0","","","","","","0.0","","","","32","","49",""
"-77.79","49.76","MATAGAMI","7094637","2021-06-16","2021","06","16","","16.7","","1.6","","9.1","","8.9","","0.0","","","","","","0.0","","","","33","","53",""
"-77.79","49.76","MATAGAMI","7094637","2021-06-17","2021","06","17","","27.6","","-0.9","","13.3","","4.7","","0.0","","","","","","3.2","","","","24","","44",""
"-77.79","49.76","MATAGAMI","7094637","2021-06-18","2021","06","18","","29.2","","11.2","","20.2","","0.0","","2.2","","","","","","3.5","","","","30","","71",""
"-77.79","49.76","MATAGAMI","7094637","2021-06-19","2021","06","19","","17.3","","8.8","","13.1","","4.9","","0.0","","","","","","0.0","","","","31","","38",""
"-77.79","49.76","MATAGAMI","7094637","2021-06-20","2021","06","20","","22.6","","8.4","","15.5","","2.5","","0.0","","","","","","0.0","","","","","","",""
"-77.79","49.76","MATAGAMI","7094637","2021-06-21","2021","06","21","","16.0","","2.6","","9.3","","8.7","","0.0","","","","","","23.1","","","","27","","63",""
"-77.79","49.76","MATAGAMI","7094637","2021-06-22","2021","06","22","","13.2","","2.0","","7.6","","10.4","","0.0","","","","","","0.8","","","","30","","34",""
"-77.79","49.76","MATAGAMI","7094637","2021-06-23","2021","06","23","","19.4","","5.7","","12.5","","5.5","","0.0","","","","","","0.5","","","","23","","43",""
"-77.79","49.76","MATAGAMI","7094637","2021-06-24","2021","06","24","","19.3","","14.5","","16.9","","1.1","","0.0","","","","","","6.1","","","","21","","42",""
"-77.79","49.76","MATAGAMI","7094637","2021-06-25","2021","06","25","","22.4","","15.1","","18.7","","0.0","","0.7","","","","","","0.0","","","","","","",""
"-77.79","49.76","MATAGAMI","7094637","2021-06-26","2021","06","26","","25.2","","16.1","","20.7","","0.0","","2.7","","","","","","1.3","","","","","","",""
"-77.79","49.76","MATAGAMI","7094637","2021-06-27","2021","06","27","","18.6","","11.5","","15.0","","3.0","","0.0","","","","","","9.9","","","","","","",""
"-77.79","49.76","MATAGAMI","7094637","2021-06-28","2021","06","28","","24.2","","8.6","","16.4","","1.6","","0.0","","","","","","0.0","","","","","","",""
"-77.79","49.76","MATAGAMI","7094637","2021-06-29","2021","06","29","","21.9","","13.7","","17.8","","0.2","","0.0","","","","","","0.0","","","","","","",""
"-77.79","49.76","MATAGAMI","7094637","2021-06-30","2021","06","30","","21.5","","9.2","","15.3","","2.7","","0.0","","","","","","0.0","","","","35","","33",""
"-77.79","49.76","MATAGAMI","7094637","2021-07-01","2021","07","01","","21.6","","8.0","","14.8","","3.2","","0.0","","","","","","0.0","","","","35","","35",""
"-77.79","49.76","MATAGAMI","7094637","2021-07-02","2021","07","02","","23.4","","7.4","","15.4","","2.6","","0.0","","","","","","0.0","","","","","","",""
"-77.79","49.76","MATAGAMI","7094637","2021-07-03","2021","07","03","","25.4","","12.6","","19.0","","0.0","","1.0","","","","","","0.0","","","","12","","37",""
"-77.79","49.76","MATAGAMI","7094637","2021-07-04","2021","07","04","","27.8","","12.9","","20.4","","0.0","","2.4","","","","","","0.0","","","","18","","32",""
"-77.79","49.76","MATAGAMI","7094637","2021-07-05","2021","07","05","","28.6","","14.6","","21.6","","0.0","","3.6","","","","","","15.3","","","","31","","56",""
"-77.79","49.76","MATAGAMI","7094637","2021-07-06","2021","07","06","","14.6","","3.5","","9.1","","8.9","","0.0","","","","","","1.0","","","","30","","50",""
"-77.79","49.76","MATAGAMI","7094637","2021-07-07","2021","07","07","","15.0","","3.0","","9.0","","9.0","","0.0","","","","","","0.0","","","","1","","47",""
"-77.79","49.76","MATAGAMI","7094637","2021-07-08","2021","07","08","","20.2","","1.2","","10.7","","7.3","","0.0","","","","","","0.0","","","","","","",""
"-77.79","49.76","MATAGAMI","7094637","2021-07-09","2021","07","09","","24.4","","5.4","","14.9","","3.1","","0.0","","","","","","0.0","","","","32","","37",""
"-77.79","49.76","MATAGAMI","7094637","2021-07-10","2021","07","10","","22.8","","10.8","","16.8","","1.2","","0.0","","","","","","24.3","","","","31","","45",""
"-77.79","49.76","MATAGAMI","7094637","2021-07-11","2021","07","11","","23.0","","8.1","","15.5","","2.5","","0.0","","","","","","1.2","","","","","","",""
"-77.79","49.76","MATAGAMI","7094637","2021-07-12","2021","07","12","","27.2","","6.9","","17.1","","0.9","","0.0","","","","","","0.0","","","","","","",""
"-77.79","49.76","MATAGAMI","7094637","2021-07-13","2021","07","13","","28.0","","13.0","","20.5","","0.0","","2.5","","","","","","7.4","","","","17","","33",""
"-77.79","49.76","MATAGAMI","7094637","2021-07-14","2021","07","14","","21.2","","10.2","","15.7","","2.3","","0.0","","","","","","15.5","","","","32","","36",""
"-77.79","49.76","MATAGAMI","7094637","2021-07-15","2021","07","15","","16.0","","8.3","","12.2","","5.8","","0.0","","","","","","0.8","","","","","","",""
"-77.79","49.76","MATAGAMI","7094637","2021-07-16","2021","07","16","","24.8","","9.0","","16.9","","1.1","","0.0","","","","","","0.0","","","","33","","34",""
"-77.79","49.76","MATAGAMI","7094637","2021-07-17","2021","07","17","","28.8","","11.0","","19.9","","0.0","","1.9","","","","","","0.4","","","","34","","50",""
"-77.79","49.76","MATAGAMI","7094637","2021-07-18","2021","07","18","","21.5","","9.0","","15.3","","2.7","","0.0","","","","","","0.0","","","","","","",""
"-77.79","49.76","MATAGAMI","7094637","2021-07-19","2021","07","19","","14.0","","7.7","","10.9","","7.1","","0.0","","","","","","1.7","","","","","","",""
"-77.79","49.76","MATAGAMI","7094637","2021-07-20","2021","07","20","","19.9","","4.2","","12.0","","6.0","","0.0","","","","","","0.0","","","","35","","31",""
"-77.79","49.76","MATAGAMI","7094637","2021-07-21","2021","07","21","","22.3","","5.2","","13.8","","4.2","","0.0","","","","","","0.0","","","","33","","35",""
"-77.79","49.76","MATAGAMI","7094637","2021-07-22","2021","07","22","","19.0","","8.3","","13.7","","4.3","","0.0","","","","","","0.5","","","","","","",""
"-77.79","49.76","MATAGAMI","7094637","2021-07-23","2021","07","23","","25.6","","6.7","","16.2","","1.8","","0.0","","","","","","0.0","","","","","","",""
"-77.79","49.76","MATAGAMI","7094637","2021-07-24","2021","07","24","","22.6","","11.8","","17.2","","0.8","","0.0","","","","","","20.2","","","","20","","42",""
"-77.79","49.76","MATAGAMI","7094637","2021-07-25","2021","07","25","","24.0","","14.0","","19.0","","0.0","","1.0","","","","","","1.9","","","","31","","46",""
"-77.79","49.76","MATAGAMI","7094637","2021-07-26","2021","07","26","","18.8","","6.4","","12.6","","5.4","","0.0","","","","","","0.1","","","","32","","45",""
"-77.79","49.76","MATAGAMI","7094637","2021-07-27","2021","07","27","","18.8","","3.4","","11.1","","6.9","","0.0","","","","","","0.0","","","","","","",""
"-77.79","49.76","MATAGAMI","7094637","2021-07-28","2021","07","28","","23.0","","3.9","","13.4","","4.6","","0.0","","","","","","2.2","","","","","","",""
"-77.79","49.76","MATAGAMI","7094637","2021-07-29","2021","07","29","","17.3","","6.3","","11.8","","6.2","","0.0","","","","","","5.4","","","","32","","46",""
"-77.79","49.76","MATAGAMI","7094637","2021-07-30","2021","07","30","","16.0","","4.9","","10.4","","7.6","","0.0","","","","","","0.0","","","","31","","54",""
"-77.79","49.76","MATAGAMI","7094637","2021-07-31","2021","07","31","","21.6","","2.2","","11.9","","6.1","","0.0","","","","","","0.0","","","","31","","42",""
"-77.79","49.76","MATAGAMI","7094637","2021-08-01","2021","08","01","","17.9","","5.3","","11.6","","6.4","","0.0","","","","","","0.0","","","","31","","37",""
"-77.79","49.76","MATAGAMI","7094637","2021-08-02","2021","08","02","","21.8","","7.1","","14.4","","3.6","","0.0","","","","","","0.5","","","","27","","48",""
"-77.79","49.76","MATAGAMI","7094637","2021-08-03","2021","08","03","","18.1","","6.3","","12.2","","5.8","","0.0","","","","","","0.0","","","","35","","39",""
"-77.79","49.76","MATAGAMI","7094637","2021-08-04","2021","08","04","","25.3","","5.7","","15.5","","2.5","","0.0","","","","","","0.0","","","","","","",""
"-77.79","49.76","MATAGAMI","7094637","2021-08-05","2021","08","05","","27.9","","16.2","","22.0","","0.0","","4.0","","","","","","15.9","","","","31","","39",""
"-77.79","49.76","MATAGAMI","7094637","2021-08-06","2021","08","06","","24.2","","7.4","","15.8","","2.2","","0.0","","","","","","16.4","","","","30","","47",""
"-77.79","49.76","MATAGAMI","7094637","2021-08-07","2021","08","07","","19.3","","4.1","","11.7","","6.3","","0.0","","","","","","0.0","","","","","","",""
"-77.79","49.76","MATAGAMI","7094637","2021-08-08","2021","08","08","","23.6","","3.5","","13.5","","4.5","","0.0","","","","","","0.1","","","","15","","31",""
"-77.79","49.76","MATAGAMI","7094637","2021-08-09","2021","08","09","","25.1","","18.3","","21.7","","0.0","","3.7","","","","","","1.4","","","","24","","38",""
"-77.79","49.76","MATAGAMI","7094637","2021-08-10","2021","08","10","","23.5","","20.5","","22.0","","0.0","","4.0","","","","","","0.3","","","","","","",""
"-77.79","49.76","MATAGAMI","7094637","2021-08-11","2021","08","11","","26.8","","20.0","","23.4","","0.0","","5.4","","","","","","0.7","","","","17","","38",""
"-77.79","49.76","MATAGAMI","7094637","2021-08-12","2021","08","12","","27.8","","16.4","","22.1","","0.0","","4.1","","","","","","0.0","","","","28","","53",""
"-77.79","49.76","MATAGAMI","7094637","2021-08-13","2021","08","13","","21.3","","10.7","","16.0","","2.0","","0.0","","","","","","0.0","","","","","","",""
"-77.79","49.76","MATAGAMI","7094637","2021-08-14","2021","08","14","","17.5","","8.4","","12.9","","5.1","","0.0","","","","","","0.4","","","","31","","36",""
"-77.79","49.76","MATAGAMI","7094637","2021-08-15","2021","08","15","","24.0","","6.1","","15.1","","2.9","","0.0","","","","","","0.0","","","","18","","37",""
"-77.79","49.76","MATAGAMI","7094637","2021-08-16","2021","08","16","","30.4","","15.9","","23.2","","0.0","","5.2","","","","","","0.0","","","","26","","41",""
"-77.79","49.76","MATAGAMI","7094637","2021-08-17","2021","08","17","","28.8","","16.4","","22.6","","0.0","","4.6","","","","","","0.0","","","","24","","39",""
"-77.79","49.76","MATAGAMI","7094637","2021-08-18","2021","08","18","","28.0","","15.2","","21.6","","0.0","","3.6","","","","","","0.0","","","","26","","34",""
"-77.79","49.76","MATAGAMI","7094637","2021-08-19","2021","08","19","","30.2","","17.3","","23.8","","0.0","","5.8","","","","","","0.3","","","","","","",""
"-77.79","49.76","MATAGAMI","7094637","2021-08-20","2021","08","20","","27.6","","19.3","","23.4","","0.0","","5.4","","","","","","0.0","","","","","","",""
"-77.79","49.76","MATAGAMI","7094637","2021-08-21","2021","08","21","","32.0","","18.8","","25.4","","0.0","","7.4","","","","","","0.0","","","","","","",""
"-77.79","49.76","MATAGAMI","7094637","2021-08-22","2021","08","22","","23.1","","12.3","","17.7","","0.3","","0.0","","","","","","0.0","","","","31","","33",""
"-77.79","49.76","MATAGAMI","7094637","2021-08-23","2021","08","23","","26.4","","8.3","","17.3","","0.7","","0.0","","","","","","0.0","","","","","","",""
"-77.79","49.76","MATAGAMI","7094637","2021-08-24","2021","08","24","","26.7","","10.9","","18.8","","0.0","","0.8","","","","","","0.0","","","","29","","31",""
"-77.79","49.76","MATAGAMI","7094637","2021-08-25","2021","08","25","","26.8","","12.3","","19.5","","0.0","","1.5","","","","","","11.3","","","","","","",""
"-77.79","49.76","MATAGAMI","7094637","2021-08-26","2021","08","26","","19.3","","9.2","","14.2","","3.8","","0.0","","","","","","2.0","","","","31","","39",""
"-77.79","49.76","MATAGAMI","7094637","2021-08-27","2021","08","27","","19.0","","6.4","","12.7","","5.3","","0.0","","","","","","0.0","","","","","","",""
"-77.79","49.76","MATAGAMI","7094637","2021-08-28","2021","08","28","","18.5","","7.8","","13.2","","4.8","","0.0","","","","","","1.2","","","","17","","35",""
"-77.79","49.76","MATAGAMI","7094637","2021-08-29","2021","08","29","","22.9","","13.9","","18.4","","0.0","","0.4","","","","","","20.8","","","","23","","39",""
"-77.79","49.76","MATAGAMI","7094637","2021-08-30","2021","08","30","","20.3","","13.3","","16.8","","1.2","","0.0","","","","","","0.9","","","","28","","60",""
"-77.79","49.76","MATAGAMI","7094637","2021-08-31","2021","08","31","","13.4","","9.8","","11.6","","6.4","","0.0","","","","","","0.6","","","","31","","52",""
"-77.79","49.76","MATAGAMI","7094637","2021-09-01","2021","09","01","","10.7","","7.7","","9.2","","8.8","","0.0","","","","","","2.6","","","","31","","49",""
"-77.79","49.76","MATAGAMI","7094637","2021-09-02","2021","09","02","","15.4","","7.7","","11.6","","6.4","","0.0","","","","","","1.9","","","","31","","35",""
"-77.79","49.76","MATAGAMI","7094637","2021-09-03","2021","09","03","","16.8","","5.0","","10.9","","7.1","","0.0","","","","","","0.0","","","","","","",""
"-77.79","49.76","MATAGAMI","7094637","2021-09-04","2021","09","04","","20.4","","3.7","","12.0","","6.0","","0.0","","","","","","1.4","","","","21","","34",""
"-77.79","49.76","MATAGAMI","7094637","2021-09-05","2021","09","05","","19.5","","10.7","","15.1","","2.9","","0.0","","","","","","14.6","","","","26","","38",""
"-77.79","49.76","MATAGAMI","7094637","2021-09-06","2021","09","06","","16.7","","10.3","","13.5","","4.5","","0.0","","","","","","2.8","","","","29","","43",""
"-77.79","49.76","MATAGAMI","7094637","2021-09-07","2021","09","07","","17.6","","10.8","","14.2","","3.8","","0.0","","","","","","12.3","","","","31","","34",""
"-77.79","49.76","MATAGAMI","7094637","2021-09-08","2021","09","08","","20.9","","11.1","","16.0","","2.0","","0.0","","","","","","4.2","","","","20","","39",""
"-77.79","49.76","MATAGAMI","7094637","2021-09-09","2021","09","09","","12.3","","5.8","","9.0","","9.0","","0.0","","","","","","1.5","","","","31","","40",""
"-77.79","49.76","MATAGAMI","7094637","2021-09-10","2021","09","10","","14.6","","3.8","","9.2","","8.8","","0.0","","","","","","0.0","","","","","","",""
"-77.79","49.76","MATAGAMI","7094637","2021-09-11","2021","09","11","","17.5","","6.3","","11.9","","6.1","","0.0","","","","","","7.8","","","","22","","37",""
"-77.79","49.76","MATAGAMI","7094637","2021-09-12","2021","09","12","","14.6","","8.5","","11.5","","6.5","","0.0","","","","","","0.0","","","","26","","42",""
"-77.79","49.76","MATAGAMI","7094637","2021-09-13","2021","09","13","","12.2","","6.5","","9.3","","8.7","","0.0","","","","","","0.0","","","","33","","31",""
"-77.79","49.76","MATAGAMI","7094637","2021-09-14","2021","09","14","","14.4","","4.5","","9.5","","8.5","","0.0","","","","","","6.1","","","","28","","52",""
"-77.79","49.76","MATAGAMI","7094637","2021-09-15","2021","09","15","","15.1","","5.1","","10.1","","7.9","","0.0","","","","","","3.7","","","","27","","50",""
"-77.79","49.76","MATAGAMI","7094637","2021-09-16","2021","09","16","","21.5","","4.7","","13.1","","4.9","","0.0","","","","","","0.0","","","","22","","42",""
"-77.79","49.76","MATAGAMI","7094637","2021-09-17","2021","09","17","","25.3","","10.5","","17.9","","0.1","","0.0","","","","","","17.4","","","","21","","50",""
"-77.79","49.76","MATAGAMI","7094637","2021-09-18","2021","09","18","","12.7","","6.5","","9.6","","8.4","","0.0","","","","","","0.0","","","","31","","33",""
"-77.79","49.76","MATAGAMI","7094637","2021-09-19","2021","09","19","","20.3","","3.9","","12.1","","5.9","","0.0","","","","","","0.0","","","","21","","36",""
"-77.79","49.76","MATAGAMI","7094637","2021-09-20","2021","09","20","","25.2","","12.0","","18.6","","0.0","","0.6","","","","","","0.0","","","","18","","41",""
"-77.79","49.76","MATAGAMI","7094637","2021-09-21","2021","09","21","","22.0","","6.3","","14.2","","3.8","","0.0","","","","","","17.0","","","","31","","54",""
"-77.79","49.76","MATAGAMI","7094637","2021-09-22","2021","09","22","","","M","","M","","M","","M","","M","","","","","","M","","","","M","","M"
"-77.79","49.76","MATAGAMI","7094637","2021-09-23","2021","09","23","","","M","","M","","M","","M","","M","","","","","","M","","","","M","","M"
"-77.79","49.76","MATAGAMI","7094637","2021-09-24","2021","09","24","","15.8","","6.2","","11.0","","7.0","","0.0","","","","","","6.9","","","","26","","36",""
"-77.79","49.76","MATAGAMI","7094637","2021-09-25","2021","09","25","","19.4","","5.8","","12.6","","5.4","","0.0","","","","","","2.4","","","","17","","43",""
"-77.79","49.76","MATAGAMI","7094637","2021-09-26","2021","09","26","","11.9","","4.7","","8.3","","9.7","","0.0","","","","","","0.9","","","","","","",""
"-77.79","49.76","MATAGAMI","7094637","2021-09-27","2021","09","27","","10.5","","4.7","","7.6","","10.4","","0.0","","","","","","1.8","","","","30","","38",""
"-77.79","49.76","MATAGAMI","7094637","2021-09-28","2021","09","28","","10.6","","4.4","","7.5","","10.5","","0.0","","","","","","3.6","","","","30","","37",""
"-77.79","49.76","MATAGAMI","7094637","2021-09-29","2021","09","29","","10.4","","5.8","","8.1","","9.9","","0.0","","","","","","0.2","","","","","","",""
"-77.79","49.76","MATAGAMI","7094637","2021-09-30","2021","09","30","","12.4","","3.5","","7.9","","10.1","","0.0","","","","","","0.0","","","","","","",""
"-77.79","49.76","MATAGAMI","7094637","2021-10-01","2021","10","01","","13.6","","-0.6","","6.5","","11.5","","0.0","","","","","","5.1","","","","","","",""
"-77.79","49.76","MATAGAMI","7094637","2021-10-02","2021","10","02","","15.7","","1.4","","8.6","","9.4","","0.0","","","","","","0.0","","","","","","",""
"-77.79","49.76","MATAGAMI","7094637","2021-10-03","2021","10","03","","16.2","","-0.7","","7.8","","10.2","","0.0","","","","","","0.0","","","","","","",""
"-77.79","49.76","MATAGAMI","7094637","2021-10-04","2021","10","04","","18.2","","2.8","","10.5","","7.5","","0.0","","","","","","0.0","","","","","","",""
"-77.79","49.76","MATAGAMI","7094637","2021-10-05","2021","10","05","","19.9","","1.7","","10.8","","7.2","","0.0","","","","","","0.0","","","","","","",""
"-77.79","49.76","MATAGAMI","7094637","2021-10-06","2021","10","06","","21.2","","4.3","","12.7","","5.3","","0.0","","","","","","0.0","","","","","","",""
"-77.79","49.76","MATAGAMI","7094637","2021-10-07","2021","10","07","","21.7","","5.8","","13.7","","4.3","","0.0","","","","","","0.0","","","","","","",""
"-77.79","49.76","MATAGAMI","7094637","2021-10-08","2021","10","08","","22.8","","5.3","","14.0","","4.0","","0.0","","","","","","0.0","","","","","","",""
"-77.79","49.76","MATAGAMI","7094637","2021-10-09","2021","10","09","","21.9","","7.8","","14.9","","3.1","","0.0","","","","","","0.0","","","","20","","33",""
"-77.79","49.76","MATAGAMI","7094637","2021-10-10","2021","10","10","","16.4","","14.1","","15.3","","2.7","","0.0","","","","","","3.5","","0","","","","",""
"-77.79","49.76","MATAGAMI","7094637","2021-10-11","2021","10","11","","18.6","","15.1","","16.9","","1.1","","0.0","","","","","","11.8","","0","","18","","36",""
"-77.79","49.76","MATAGAMI","7094637","2021-10-12","2021","10","12","","17.4","","15.4","","16.4","","1.6","","0.0","","","","","","9.5","","0","","","","",""
"-77.79","49.76","MATAGAMI","7094637","2021-10-13","2021","10","13","","18.2","","13.2","","15.7","","2.3","","0.0","","","","","","0.0","","0","","","","",""
"-77.79","49.76","MATAGAMI","7094637","2021-10-14","2021","10","14","","20.1","","10.6","","15.4","","2.6","","0.0","","","","","","3.3","","0","","","","",""
"-77.79","49.76","MATAGAMI","7094637","2021-10-15","2021","10","15","","16.8","","8.8","","12.8","","5.2","","0.0","","","","","","0.2","","","","29","","33",""
"-77.79","49.76","MATAGAMI","7094637","2021-10-16","2021","10","16","","11.3","","6.9","","9.1","","8.9","","0.0","","","","","","27.1","","","","32","","46",""
"-77.79","49.76","MATAGAMI","7094637","2021-10-17","2021","10","17","","7.0","","3.4","","5.2","","12.8","","0.0","","","","","","0.8","","","","30","","34",""
"-77.79","49.76","MATAGAMI","7094637","2021-10-18","2021","10","18","","5.9","","-1.0","","2.5","","15.5","","0.0","","","","","","0.5","","","","32","","37",""
"-77.79","49.76","MATAGAMI","7094637","2021-10-19","2021","10","19","","14.4","","-2.8","","5.8","","12.2","","0.0","","","","","","0.0","","","","","","",""
"-77.79","49.76","MATAGAMI","7094637","2021-10-20","2021","10","20","","4.7","","-1.0","","1.9","","16.1","","0.0","","","","","","1.1","","","","31","","32",""
"-77.79","49.76","MATAGAMI","7094637","2021-10-21","2021","10","21","","1.5","","-2.6","","-0.5","","18.5","","0.0","","","","","","0.7","","","","31","","31",""
"-77.79","49.76","MATAGAMI","7094637","2021-10-22","2021","10","22","","3.5","","-2.6","","0.5","","17.5","","0.0","","","","","","0.1","","","","31","","31",""
"-77.79","49.76","MATAGAMI","7094637","2021-10-23","2021","10","23","","7.3","","-1.6","","2.8","","15.2","","0.0","","","","","","0.0","","","","22","","32",""
"-77.79","49.76","MATAGAMI","7094637","2021-10-24","2021","10","24","","8.2","","-2.6","","2.8","","15.2","","0.0","","","","","","0.0","","","","","","",""
"-77.79","49.76","MATAGAMI","7094637","2021-10-25","2021","10","25","","5.2","","0.0","","2.6","","15.4","","0.0","","","","","","0.0","","","","","","",""
"-77.79","49.76","MATAGAMI","7094637","2021-10-26","2021","10","26","","4.9","","0.8","","2.9","","15.1","","0.0","","","","","","0.0","","","","","","",""
"-77.79","49.76","MATAGAMI","7094637","2021-10-27","2021","10","27","","9.1","","-0.8","","4.1","","13.9","","0.0","","","","","","0.0","","","","","","",""
"-77.79","49.76","MATAGAMI","7094637","2021-10-28","2021","10","28","","13.9","","-2.0","","5.9","","12.1","","0.0","","","","","","0.0","","","","","","",""
"-77.79","49.76","MATAGAMI","7094637","2021-10-29","2021","10","29","","12.6","","-2.1","","5.2","","12.8","","0.0","","","","","","0.0","","","","","","",""
"-77.79","49.76","MATAGAMI","7094637","2021-10-30","2021","10","30","","12.7","","-4.5","","4.1","","13.9","","0.0","","","","","","0.0","","","","","","",""
"-77.79","49.76","MATAGAMI","7094637","2021-10-31","2021","10","31","","9.5","","2.3","","5.9","","12.1","","0.0","","","","","","0.5","","","","29","","35",""
"-77.79","49.76","MATAGAMI","7094637","2021-11-01","2021","11","01","","2.3","","-1.7","","0.3","","17.7","","0.0","","","","","","5.1","","1","","28","","50",""
"-77.79","49.76","MATAGAMI","7094637","2021-11-02","2021","11","02","","-0.2","","-3.1","","-1.7","","19.7","","0.0","","","","","","1.6","","0","","24","","44",""
"-77.79","49.76","MATAGAMI","7094637","2021-11-03","2021","11","03","","-0.5","","-5.2","","-2.8","","20.8","","0.0","","","","","","0.3","","2","","","","",""
"-77.79","49.76","MATAGAMI","7094637","2021-11-04","2021","11","04","","-0.9","","-5.1","","-3.0","","21.0","","0.0","","","","","","0.0","","","","","","",""
"-77.79","49.76","MATAGAMI","7094637","2021-11-05","2021","11","05","","7.5","","-3.1","","2.2","","15.8","","0.0","","","","","","0.0","","","","21","","36",""
"-77.79","49.76","MATAGAMI","7094637","2021-11-06","2021","11","06","","10.6","","0.5","","5.6","","12.4","","0.0","","","","","","0.0","","","","24","","36",""
"-77.79","49.76","MATAGAMI","7094637","2021-11-07","2021","11","07","","7.7","","6.1","","6.9","","11.1","","0.0","","","","","","0.0","","","","","","",""
"-77.79","49.76","MATAGAMI","7094637","2021-11-08","2021","11","08","","10.2","","2.8","","6.5","","11.5","","0.0","","","","","","0.0","","","","31","","37",""
"-77.79","49.76","MATAGAMI","7094637","2021-11-09","2021","11","09","","5.0","","-2.0","","1.5","","16.5","","0.0","","","","","","0.0","","","","","","",""
"-77.79","49.76","MATAGAMI","7094637","2021-11-10","2021","11","10","","3.2","","-6.5","","-1.6","","19.6","","0.0","","","","","","0.7","","","","29","","38",""
"-77.79","49.76","MATAGAMI","7094637","2021-11-11","2021","11","11","","1.9","","-9.0","","-3.6","","21.6","","0.0","","","","","","0.0","","","","11","","34",""
"-77.79","49.76","MATAGAMI","7094637","2021-11-12","2021","11","12","","7.1","","0.3","","3.7","","14.3","","0.0","","","","","","2.7","","","","12","","35",""
"-77.79","49.76","MATAGAMI","7094637","2021-11-13","2021","11","13","","3.5","","-1.3","","1.1","","16.9","","0.0","","","","","","2.1","","","","","","",""
"-77.79","49.76","MATAGAMI","7094637","2021-11-14","2021","11","14","","0.0","","-4.3","","-2.1","","20.1","","0.0","","","","","","1.3","","","","26","","33",""
"-77.79","49.76","MATAGAMI","7094637","2021-11-15","2021","11","15","","-0.5","","-5.3","","-2.9","","20.9","","0.0","","","","","","2.2","","","","31","","45",""
"-77.79","49.76","MATAGAMI","7094637","2021-11-16","2021","11","16","","-2.7","","-10.3","","-6.5","","24.5","","0.0","","","","","","0.4","","5","","30","","35",""
"-77.79","49.76","MATAGAMI","7094637","2021-11-17","2021","11","17","","-0.7","","-12.4","","-6.5","","24.5","","0.0","","","","","","2.1","","5","","13","","32",""
"-77.79","49.76","MATAGAMI","7094637","2021-11-18","2021","11","18","","1.3","","-3.2","","-1.0","","19.0","","0.0","","","","","","3.1","","5","","27","","43",""
"-77.79","49.76","MATAGAMI","7094637","2021-11-19","2021","11","19","","-2.1","","-6.6","","-4.4","","22.4","","0.0","","","","","","0.3","","4","","29","","56",""
"-77.79","49.76","MATAGAMI","7094637","2021-11-20","2021","11","20","","1.5","","-7.2","","-2.8","","20.8","","0.0","","","","","","2.2","","4","","20","","34",""
"-77.79","49.76","MATAGAMI","7094637","2021-11-21","2021","11","21","","1.9","","-3.6","","-0.8","","18.8","","0.0","","","","","","4.1","","6","","15","","36",""
"-77.79","49.76","MATAGAMI","7094637","2021-11-22","2021","11","22","","0.6","","-10.9","","-5.2","","23.2","","0.0","","","","","","4.6","","10","","25","","66",""
"-77.79","49.76","MATAGAMI","7094637","2021-11-23","2021","11","23","","-8.0","","-10.2","","-9.1","","27.1","","0.0","","","","","","0.2","","21","","30","","33",""
"-77.79","49.76","MATAGAMI","7094637","2021-11-24","2021","11","24","","0.3","","-9.7","","-4.7","","22.7","","0.0","","","","","","0.0","","18","","","M","","M"
"-77.79","49.76","MATAGAMI","7094637","2021-11-25","2021","11","25","","0.4","","-10.2","","-4.9","","22.9","","0.0","","","","","","2.2","","15","","33","","34",""
"-77.79","49.76","MATAGAMI","7094637","2021-11-26","2021","11","26","","-10.0","","-13.5","","-11.7","","29.7","","0.0","","","","","","1.3","","17","","31","","47",""
"-77.79","49.76","MATAGAMI","7094637","2021-11-27","2021","11","27","","-8.0","","-13.4","","-10.7","","28.7","","0.0","","","","","","0.0","","19","","32","","39",""
"-77.79","49.76","MATAGAMI","7094637","2021-11-28","2021","11","28","","-8.8","","-14.2","","-11.5","","29.5","","0.0","","","","","","0.4","","18","","","","",""
"-77.79","49.76","MATAGAMI","7094637","2021-11-29","2021","11","29","","-6.6","","-10.8","","-8.7","","26.7","","0.0","","","","","","1.3","","19","","","","",""
"-77.79","49.76","MATAGAMI","7094637","2021-11-30","2021","11","30","","-3.7","","-11.0","","-7.3","","25.3","","0.0","","","","","","2.5","","19","","31","","49",""
"-77.79","49.76","MATAGAMI","7094637","2021-12-01","2021","12","01","","-6.5","","-13.6","","-10.0","","28.0","","0.0","","","","","","1.5","","20","","30","","44",""
"-77.79","49.76","MATAGAMI","7094637","2021-12-02","2021","12","02","","-0.6","","-15.2","","-7.9","","25.9","","0.0","","","","","","9.3","","23","","32","","56",""
"-77.79","49.76","MATAGAMI","7094637","2021-12-03","2021","12","03","","-14.7","","-22.8","","-18.8","","36.8","","0.0","","","","","","0.0","","32","","30","","41",""
"-77.79","49.76","MATAGAMI","7094637","2021-12-04","2021","12","04","","-14.6","","-28.3","","-21.4","","39.4","","0.0","","","","","","0.0","","32","","","","",""
"-77.79","49.76","MATAGAMI","7094637","2021-12-05","2021","12","05","","-12.3","","-19.8","","-16.1","","34.1","","0.0","","","","","","0.0","","32","","","","",""
"-77.79","49.76","MATAGAMI","7094637","2021-12-06","2021","12","06","","-8.1","","-18.1","","-13.1","","31.1","","0.0","","","","","","3.9","","32","","27","","58",""
"-77.79","49.76","MATAGAMI","7094637","2021-12-07","2021","12","07","","-18.1","","-26.9","","-22.5","","40.5","","0.0","","","","","","0.0","","31","","28","","48",""
"-77.79","49.76","MATAGAMI","7094637","2021-12-08","2021","12","08","","-12.6","","-27.0","","-19.8","","37.8","","0.0","","","","","","0.9","","30","","","","",""
"-77.79","49.76","MATAGAMI","7094637","2021-12-09","2021","12","09","","-14.4","","-28.9","","-21.6","","39.6","","0.0","","","","","","0.0","","33","","","","",""
"-77.79","49.76","MATAGAMI","7094637","2021-12-10","2021","12","10","","-4.3","","-14.4","","-9.3","","27.3","","0.0","","","","","","2.3","","32","","17","","36",""
"-77.79","49.76","MATAGAMI","7094637","2021-12-11","2021","12","11","","-3.8","","-12.3","","-8.1","","26.1","","0.0","","","","","","10.7","","30","","26","","44",""
"-77.79","49.76","MATAGAMI","7094637","2021-12-12","2021","12","12","","0.4","","-8.6","","-4.1","","22.1","","0.0","","","","","","1.6","","36","","29","","47",""
"-77.79","49.76","MATAGAMI","7094637","2021-12-13","2021","12","13","","0.6","","-12.5","","-5.9","","23.9","","0.0","","","","","","3.3","","39","","34","","45",""
"-77.79","49.76","MATAGAMI","7094637","2021-12-14","2021","12","14","","-9.4","","-13.8","","-11.6","","29.6","","0.0","","","","","","0.0","","43","","29","","32",""
"-77.79","49.76","MATAGAMI","7094637","2021-12-15","2021","12","15","","-1.0","","-11.8","","-6.4","","24.4","","0.0","","","","","","0.0","","42","","17","","39",""
"-77.79","49.76","MATAGAMI","7094637","2021-12-16","2021","12","16","","7.4","","-1.0","","3.2","","14.8","","0.0","","","","","","1.8","","41","","24","","58",""
"-77.79","49.76","MATAGAMI","7094637","2021-12-17","2021","12","17","","0.3","","-11.9","","-5.8","","23.8","","0.0","","","","","","0.8","","29","","27","","61",""
"-77.79","49.76","MATAGAMI","7094637","2021-12-18","2021","12","18","","-11.9","","-17.5","","-14.7","","32.7","","0.0","","","","","","0.0","","29","","","","",""
"-77.79","49.76","MATAGAMI","7094637","2021-12-19","2021","12","19","","-16.6","","-23.0","","-19.8","","37.8","","0.0","","","","","","0.0","","29","","","","",""
"-77.79","49.76","MATAGAMI","7094637","2021-12-20","2021","12","20","","-3.8","","-17.0","","-10.4","","28.4","","0.0","","","","","","3.0","","29","","32","","47",""
"-77.79","49.76","MATAGAMI","7094637","2021-12-21","2021","12","21","","-13.6","","-18.0","","-15.8","","33.8","","0.0","","","","","","1.9","","37","","27","","39",""
"-77.79","49.76","MATAGAMI","7094637","2021-12-22","2021","12","22","","-12.4","","-22.2","","-17.3","","35.3","","0.0","","","","","","0.2","","34","","31","","48",""
"-77.79","49.76","MATAGAMI","7094637","2021-12-23","2021","12","23","","-17.1","","-28.2","","-22.7","","40.7","","0.0","","","","","","0.0","","32","","","","",""
"-77.79","49.76","MATAGAMI","7094637","2021-12-24","2021","12","24","","-11.4","","-19.3","","-15.4","","33.4","","0.0","","","","","","0.0","","32","","","","",""
"-77.79","49.76","MATAGAMI","7094637","2021-12-25","2021","12","25","","-5.2","","-12.5","","-8.9","","26.9","","0.0","","","","","","2.8","","37","","31","","35",""
"-77.79","49.76","MATAGAMI","7094637","2021-12-26","2021","12","26","","-8.5","","-25.1","","-16.8","","34.8","","0.0","","","","","","0.0","","36","","32","","32",""
"-77.79","49.76","MATAGAMI","7094637","2021-12-27","2021","12","27","","-16.9","","-30.1","","-23.5","","41.5","","0.0","","","","","","0.0","","36","","","","",""
"-77.79","49.76","MATAGAMI","7094637","2021-12-28","2021","12","28","","-13.1","","-27.8","","-20.4","","38.4","","0.0","","","","","","1.0","","37","","","","",""
"-77.79","49.76","MATAGAMI","7094637","2021-12-29","2021","12","29","","-9.0","","-28.9","","-18.9","","36.9","","0.0","","","","","","0.5","","37","","","","",""
"-77.79","49.76","MATAGAMI","7094637","2021-12-30","2021","12","30","","-7.7","","-17.1","","-12.4","","30.4","","0.0","","","","","","0.1","","36","","31","","40",""
"-77.79","49.76","MATAGAMI","7094637","2021-12-31","2021","12","31","","-3.3","","-17.0","","-10.1","","28.1","","0.0","","","","","","2.1","","35","","31","","33",""
